ID,Name,Email,Gender
1,Emily Johnson,emily.johnson@x.dummyjson.com,female
2,Michael Williams,michael.williams@x.dummyjson.com,male
3,Sophia Brown,sophia.brown@x.dummyjson.com,female
4,James Davis,james.davis@x.dummyjson.com,male
5,Emma Miller,emma.miller@x.dummyjson.com,female
6,Olivia Wilson,olivia.wilson@x.dummyjson.com,female
7,Alexander Jones,alexander.jones@x.dummyjson.com,male
8,Ava Taylor,ava.taylor@x.dummyjson.com,female
9,Ethan Martinez,ethan.martinez@x.dummyjson.com,male
10,Isabella Anderson,isabella.anderson@x.dummyjson.com,female
11,Liam Garcia,liam.garcia@x.dummyjson.com,male
12,Mia Rodriguez,mia.rodriguez@x.dummyjson.com,female
13,Noah Hernandez,noah.hernandez@x.dummyjson.com,male
14,Charlotte Lopez,charlotte.lopez@x.dummyjson.com,female
15,William Gonzalez,william.gonzalez@x.dummyjson.com,male
16,Avery Perez,avery.perez@x.dummyjson.com,female
17,Evelyn Sanchez,evelyn.sanchez@x.dummyjson.com,female
18,Logan Torres,logan.torres@x.dummyjson.com,male
19,Abigail Rivera,abigail.rivera@x.dummyjson.com,female
20,Jackson Evans,jackson.evans@x.dummyjson.com,male
21,Madison Collins,madison.collins@x.dummyjson.com,female
22,Elijah Stewart,elijah.stewart@x.dummyjson.com,male
23,Chloe Morales,chloe.morales@x.dummyjson.com,female
24,Mateo Nguyen,mateo.nguyen@x.dummyjson.com,male
25,Harper Kelly,harper.kelly@x.dummyjson.com,female
26,Evelyn Gonzalez,evelyn.gonzalez@x.dummyjson.com,female
27,Daniel Cook,daniel.cook@x.dummyjson.com,male
28,Lily Lee,lily.lee@x.dummyjson.com,female
29,Henry Hill,henry.hill@x.dummyjson.com,male
30,Addison Wright,addison.wright@x.dummyjson.com,female
